{
    "Model": "LSTM",
    "Window_Size": 10,
    "MAE": 6.5114215339773125,
    "MSE": 48.17462451589898,
    "RMSE": 6.9407942280332,
    "R^2": -0.2250406947241932
}