{
    "MAE": 7.399551833247105,
    "MSE": 88.0118792367308,
    "RMSE": 9.381464663725533,
    "R^2": 0.20697686631265144
}