{"MAE": 6.962451773391001, "MSE": 84.62104412457929, "RMSE": 9.198969731691658, "R^2": 0.24500185433573207}